<?xml version="1.0" encoding="ISO-8859-1" standalone="no"?>
<VoidedDocuments xmlns="urn:sunat:names:specification:ubl:peru:schema:xsd:VoidedDocuments-1" xmlns:cac="urn:oasis:names:specification:ubl:schema:xsd:CommonAggregateComponents-2" xmlns:cbc="urn:oasis:names:specification:ubl:schema:xsd:CommonBasicComponents-2" xmlns:ds="http://www.w3.org/2000/09/xmldsig#" xmlns:ext="urn:oasis:names:specification:ubl:schema:xsd:CommonExtensionComponents-2" xmlns:sac="urn:sunat:names:specification:ubl:peru:schema:xsd:SunatAggregateComponents-1" xmlns:xsi="http://www.w3.org/2001/XMLSchema-instance">
	<ext:UBLExtensions>
		<ext:UBLExtension>
			<ext:ExtensionContent>
			</ext:ExtensionContent>
		</ext:UBLExtension>
	</ext:UBLExtensions>
	<cbc:UBLVersionID>2.0</cbc:UBLVersionID>
	<cbc:CustomizationID>1.0</cbc:CustomizationID>
	<cbc:ID>RA-20140717-1</cbc:ID>
	<cbc:ReferenceDate>2014-07-17</cbc:ReferenceDate>
	<cbc:IssueDate>2014-07-17</cbc:IssueDate>
	<cac:Signature>
		<cbc:ID>IDSignErickOrlando</cbc:ID>
		<cac:SignatoryParty>
			<cac:PartyIdentification>
				<cbc:ID>XXXXXXXXXX</cbc:ID>
			</cac:PartyIdentification>
			<cac:PartyName>
				<cbc:Name>XXXXXXXXXX</cbc:Name>
			</cac:PartyName>
		</cac:SignatoryParty>
		<cac:DigitalSignatureAttachment>
			<cac:ExternalReference>
				<cbc:URI>#SignatureErickOrlando</cbc:URI>
			</cac:ExternalReference>
		</cac:DigitalSignatureAttachment>
	</cac:Signature>
	<cac:AccountingSupplierParty>
		<cbc:CustomerAssignedAccountID>XXXXXXXXXX</cbc:CustomerAssignedAccountID>
		<cbc:AdditionalAccountID>6</cbc:AdditionalAccountID>
		<cac:Party>
			<cac:PartyLegalEntity>
				<cbc:RegistrationName>XXXXXXXXXX</cbc:RegistrationName>
			</cac:PartyLegalEntity>
		</cac:Party>
	</cac:AccountingSupplierParty>
	<sac:VoidedDocumentsLine>
		<cbc:LineID>1</cbc:LineID>
		<cbc:DocumentTypeCode>01</cbc:DocumentTypeCode>
		<sac:DocumentSerialID>FF01</sac:DocumentSerialID>
		<sac:DocumentNumberID>901</sac:DocumentNumberID>
		<sac:VoidReasonDescription>ANULACIÓN DE LA FACTURA 1</sac:VoidReasonDescription>
	</sac:VoidedDocumentsLine>
	<sac:VoidedDocumentsLine>
		<cbc:LineID>2</cbc:LineID>
		<cbc:DocumentTypeCode>01</cbc:DocumentTypeCode>
		<sac:DocumentSerialID>FF01</sac:DocumentSerialID>
		<sac:DocumentNumberID>902</sac:DocumentNumberID>
		<sac:VoidReasonDescription>ANULACIÓN DE LA FACTURA 2</sac:VoidReasonDescription>
	</sac:VoidedDocumentsLine>
	<sac:VoidedDocumentsLine>
		<cbc:LineID>3</cbc:LineID>
		<cbc:DocumentTypeCode>01</cbc:DocumentTypeCode>
		<sac:DocumentSerialID>FF01</sac:DocumentSerialID>
		<sac:DocumentNumberID>903</sac:DocumentNumberID>
		<sac:VoidReasonDescription>ANULACIÓN DE LA FACTURA 3</sac:VoidReasonDescription>
	</sac:VoidedDocumentsLine>
	<sac:VoidedDocumentsLine>
		<cbc:LineID>4</cbc:LineID>
		<cbc:DocumentTypeCode>01</cbc:DocumentTypeCode>
		<sac:DocumentSerialID>FF01</sac:DocumentSerialID>
		<sac:DocumentNumberID>904</sac:DocumentNumberID>
		<sac:VoidReasonDescription>ANULACIÓN DE LA FACTURA 4</sac:VoidReasonDescription>
	</sac:VoidedDocumentsLine>
	<sac:VoidedDocumentsLine>
		<cbc:LineID>5</cbc:LineID>
		<cbc:DocumentTypeCode>01</cbc:DocumentTypeCode>
		<sac:DocumentSerialID>FF01</sac:DocumentSerialID>
		<sac:DocumentNumberID>905</sac:DocumentNumberID>
		<sac:VoidReasonDescription>ANULACIÓN DE LA FACTURA 5</sac:VoidReasonDescription>
	</sac:VoidedDocumentsLine>
</VoidedDocuments>