<?xml version="1.0" encoding="ISO-8859-1" standalone="no"?>
<CreditNote xmlns="urn:oasis:names:specification:ubl:schema:xsd:CreditNote-2" xmlns:cac="urn:oasis:names:specification:ubl:schema:xsd:CommonAggregateComponents-2" xmlns:cbc="urn:oasis:names:specification:ubl:schema:xsd:CommonBasicComponents-2" xmlns:ccts="urn:un:unece:uncefact:documentation:2" xmlns:ds="http://www.w3.org/2000/09/xmldsig#" xmlns:ext="urn:oasis:names:specification:ubl:schema:xsd:CommonExtensionComponents-2" xmlns:qdt="urn:oasis:names:specification:ubl:schema:xsd:QualifiedDatatypes-2" xmlns:sac="urn:sunat:names:specification:ubl:peru:schema:xsd:SunatAggregateComponents-1" xmlns:udt="urn:un:unece:uncefact:data:specification:UnqualifiedDataTypesSchemaModule:2" xmlns:xsi="http://www.w3.org/2001/XMLSchema-instance">
	<ext:UBLExtensions>
		<ext:UBLExtension>
			<ext:ExtensionContent>
				<sac:AdditionalInformation>
					<sac:AdditionalMonetaryTotal>
						<cbc:ID>1001</cbc:ID>
						<cbc:PayableAmount currencyID="PEN">60847.46</cbc:PayableAmount>
					</sac:AdditionalMonetaryTotal>
				</sac:AdditionalInformation>
			</ext:ExtensionContent>
		</ext:UBLExtension>
		<ext:UBLExtension>
			<ext:ExtensionContent>
			</ext:ExtensionContent>
		</ext:UBLExtension>
	</ext:UBLExtensions>
	<cbc:UBLVersionID>2.0</cbc:UBLVersionID>
	<cbc:CustomizationID>1.0</cbc:CustomizationID>
	<cbc:ID>FF11-12</cbc:ID>
	<cbc:IssueDate>2014-07-16</cbc:IssueDate>
	<cbc:DocumentCurrencyCode>PEN</cbc:DocumentCurrencyCode>
	<cac:DiscrepancyResponse>
		<cbc:ReferenceID>FF11-02</cbc:ReferenceID>
		<cbc:ResponseCode>07</cbc:ResponseCode>
		<cbc:Description>Commentario de la nota de credito</cbc:Description>
	</cac:DiscrepancyResponse>
	<cac:BillingReference>
		<cac:InvoiceDocumentReference>
			<cbc:ID>FF11-02</cbc:ID>
			<cbc:DocumentTypeCode>01</cbc:DocumentTypeCode>
		</cac:InvoiceDocumentReference>
	</cac:BillingReference>
	<cac:Signature>
		<cbc:ID>IDSignErickOrlando</cbc:ID>
		<cac:SignatoryParty>
			<cac:PartyIdentification>
				<cbc:ID>XXXXXXXXXX</cbc:ID>
			</cac:PartyIdentification>
			<cac:PartyName>
				<cbc:Name>XXXXXXXXXX</cbc:Name>
			</cac:PartyName>
		</cac:SignatoryParty>
		<cac:DigitalSignatureAttachment>
			<cac:ExternalReference>
				<cbc:URI>#SignatureErickOrlando</cbc:URI>
			</cac:ExternalReference>
		</cac:DigitalSignatureAttachment>
	</cac:Signature>
	<cac:AccountingSupplierParty>
		<cbc:CustomerAssignedAccountID>XXXXXXXXXX</cbc:CustomerAssignedAccountID>
		<cbc:AdditionalAccountID>6</cbc:AdditionalAccountID>
		<cac:Party>
			<cac:PostalAddress>
				<cbc:ID>XXXXXXXXXX</cbc:ID>
				<cbc:StreetName>XXXXXXXXXX</cbc:StreetName>
				<cbc:CitySubdivisionName>XXXXXXXXXX</cbc:CitySubdivisionName>
				<cbc:CityName>XXXXXXXXXX</cbc:CityName>
				<cbc:CountrySubentity>XXXXXXXXXX</cbc:CountrySubentity>
				<cbc:District>XXXXXXXXXX</cbc:District>
				<cac:Country>
					<cbc:IdentificationCode>PE</cbc:IdentificationCode>
				</cac:Country>
			</cac:PostalAddress>
			<cac:PartyLegalEntity>
				<cbc:RegistrationName>XXXXXXXXXX</cbc:RegistrationName>
			</cac:PartyLegalEntity>
		</cac:Party>
	</cac:AccountingSupplierParty>
	<cac:AccountingCustomerParty>
		<cbc:CustomerAssignedAccountID>XXXXXXXXXX</cbc:CustomerAssignedAccountID>
		<cbc:AdditionalAccountID>6</cbc:AdditionalAccountID>
		<cac:Party>
			<cac:PartyLegalEntity>
				<cbc:RegistrationName>XXXXXXXXXX</cbc:RegistrationName>
			</cac:PartyLegalEntity>
		</cac:Party>
	</cac:AccountingCustomerParty>
	<cac:TaxTotal>
		<cbc:TaxAmount currencyID="PEN">10952.54</cbc:TaxAmount>
		<cac:TaxSubtotal>
			<cbc:TaxAmount currencyID="PEN">10952.54</cbc:TaxAmount>
			<cac:TaxCategory>
				<cac:TaxScheme>
					<cbc:ID>1000</cbc:ID>
					<cbc:Name>IGV</cbc:Name>
					<cbc:TaxTypeCode>VAT</cbc:TaxTypeCode>
				</cac:TaxScheme>
			</cac:TaxCategory>
		</cac:TaxSubtotal>
	</cac:TaxTotal>
	<cac:LegalMonetaryTotal>
		<cbc:PayableAmount currencyID="PEN">71800.00</cbc:PayableAmount>
	</cac:LegalMonetaryTotal>

	<cac:CreditNoteLine>
		<cbc:ID>1</cbc:ID>
		<cbc:CreditedQuantity unitCode="NIU">100</cbc:CreditedQuantity>
		<cbc:LineExtensionAmount currencyID="PEN">8305.08</cbc:LineExtensionAmount>
		<cac:PricingReference>
			<cac:AlternativeConditionPrice>
				<cbc:PriceAmount currencyID="PEN">98.00</cbc:PriceAmount>
				<cbc:PriceTypeCode>01</cbc:PriceTypeCode>
			</cac:AlternativeConditionPrice>
		</cac:PricingReference>
		<cac:TaxTotal>
			<cbc:TaxAmount currencyID="PEN">1494.92</cbc:TaxAmount>
			<cac:TaxSubtotal>
				<cbc:TaxAmount currencyID="PEN">1494.92</cbc:TaxAmount>
				<cac:TaxCategory>
					<cbc:TaxExemptionReasonCode>10</cbc:TaxExemptionReasonCode>
					<cac:TaxScheme>
						<cbc:ID>1000</cbc:ID>
						<cbc:Name>IGV</cbc:Name>
						<cbc:TaxTypeCode>VAT</cbc:TaxTypeCode>
					</cac:TaxScheme>
				</cac:TaxCategory>
			</cac:TaxSubtotal>
		</cac:TaxTotal>
		<cac:Item>
			<cbc:Description>Artículo 1</cbc:Description>
			<cac:SellersItemIdentification>
				<cbc:ID>ART1</cbc:ID>
			</cac:SellersItemIdentification>
		</cac:Item>
		<cac:Price>
			<cbc:PriceAmount currencyID="PEN">83.05</cbc:PriceAmount>
		</cac:Price>
	</cac:CreditNoteLine>
	<cac:CreditNoteLine>
		<cbc:ID>2</cbc:ID>
		<cbc:CreditedQuantity unitCode="NIU">100</cbc:CreditedQuantity>
		<cbc:LineExtensionAmount currencyID="PEN">52542.37</cbc:LineExtensionAmount>
		<cac:PricingReference>
			<cac:AlternativeConditionPrice>
				<cbc:PriceAmount currencyID="PEN">620.00</cbc:PriceAmount>
				<cbc:PriceTypeCode>01</cbc:PriceTypeCode>
			</cac:AlternativeConditionPrice>
		</cac:PricingReference>
		<cac:TaxTotal>
			<cbc:TaxAmount currencyID="PEN">9457.63</cbc:TaxAmount>
			<cac:TaxSubtotal>
				<cbc:TaxAmount currencyID="PEN">9457.63</cbc:TaxAmount>
				<cac:TaxCategory>
					<cbc:TaxExemptionReasonCode>10</cbc:TaxExemptionReasonCode>
					<cac:TaxScheme>
						<cbc:ID>1000</cbc:ID>
						<cbc:Name>IGV</cbc:Name>
						<cbc:TaxTypeCode>VAT</cbc:TaxTypeCode>
					</cac:TaxScheme>
				</cac:TaxCategory>
			</cac:TaxSubtotal>
		</cac:TaxTotal>
		<cac:Item>
			<cbc:Description>Artículo 2</cbc:Description>
			<cac:SellersItemIdentification>
				<cbc:ID>ART2</cbc:ID>
			</cac:SellersItemIdentification>
		</cac:Item>
		<cac:Price>
			<cbc:PriceAmount currencyID="PEN">525.42</cbc:PriceAmount>
		</cac:Price>
	</cac:CreditNoteLine>
</CreditNote>